{
    "whiteout_area": [
        19.864864864864863,
        447.43243243243245,
        568.5135135135135,
        759.5945945945946
    ],
    "default_area": [
        24.594594594594593,
        644.1891891891892,
        564.7297297297297,
        757.7027027027027
    ]
}