{
    "whiteout_area": [
        19.864864864864863,
        447.43243243243245,
        569.4594594594595,
        763.3783783783783
    ],
    "default_area": [
        18.91891891891892,
        756.7567567567568,
        567.5675675675676,
        659.3243243243243
    ]
}